{
    "TrafoDarkoGlo": [],
    "EndEffector": {
        "pos_Darko": [
            0.701601646111986,
            -0.7125686707977944,
            0.0010097377957243062,
            0.0,
            -0.7125690969530784,
            -0.7015993800743218,
            0.0018952432038567158,
            0.0,
            -0.0006420595190930227,
            -0.002049213700867087,
            -0.9999976942387329,
            0.0,
            0.30692195584845566,
            -0.00038114709929117427,
            0.5894541471211472,
            1.0
        ]
    },
    "Darko": {
        "pos_globalCoSys": [
            17.6,
            16.16,
            0,
            0,
            0,
            0
        ]
    },
    "stack_1": {
        "pos_globalCoSys": [
            17.6,
            17.16,
            0,
            0,
            0,
            0
        ]
    },
    "stack_2": {
        "pos_gloCoSys": [
            17.6,
            14.96,
            0,
            0,
            0,
            0
        ]
    }
}